<?xml version="1.0" encoding="UTF-8" ?>
<!DOCTYPE mapper
  PUBLIC "-//mybatis.org//DTD Mapper 3.0//EN"
  "https://mybatis.org/dtd/mybatis-3-mapper.dtd">
<mapper namespace="com.fca.model.dao.UserDao">    
    <select id="loginUser" parameterType="User" resultType="User">
		SELECT *
		FROM user
		WHERE email = #{email} AND password = #{password}
	</select>
    
    <insert id="insertUser" parameterType="User">
        INSERT INTO user (name, email, password, gender, birth, intro, profile)
        VALUES (#{name}, #{email}, #{password}, #{gender}, #{birth}, #{intro}, #{profile})
    </insert>

    <!-- 내정보 수정 -->
    <update id="updateUser" parameterType="User">
        UPDATE user
        SET name = #{name}, email = #{email}, password = #{password}, gender = #{gender}, birth = #{birth}, intro = #{intro}, profile = #{profile}
        WHERE user_id = #{userId}
    </update>
	
    <!-- 회원 탈퇴 -->
    <delete id="deleteUser" parameterType="int">
        DELETE FROM user
        WHERE user_id = #{userId}
    </delete>
</mapper>