<?xml version="1.0" encoding="UTF-8" ?>
<!DOCTYPE mapper
  PUBLIC "-//mybatis.org//DTD Mapper 3.0//EN"
  "https://mybatis.org/dtd/mybatis-3-mapper.dtd">
<mapper namespace="com.fca.model.dao.ClubDao">
	<select id="selectClubAll" resultType="Club">
		SELECT *
		FROM club
	</select>
	
	<select id="selectClub" parameterType="int" resultType="Club">
		SELECT *
		FROM club
		WHERE club_id = #{clubId}
	</select>
	
	<select id="selectMembers" parameterType="int" resultType="Map">
		SELECT m.member_id AS member_id,
			   m.position AS position,
			   m.current_date AS current_date
			   u.user_id AS user_id,
			   u.name AS name,
			   u.gender AS gender,
			   u.birth AS birth,
			   u.intro AS intro,
			   u.profile AS profile
		FROM member m
		INNER JOIN user u
		ON m.user_id = u.user_id
		WHERE m.club_id = #{clubId}
	</select>
	
	<insert id="insertMember" parameterType="Map">
		INSERT INTO member (club_id, user_id, position)
		VALUES (#{clubId}, #{userId}, #{position})
	</insert>
	
	<insert id="insertClub" parameterType="Club">
		INSERT INTO club (name, max_member, fee, deadline, club_img, logo, account, bank, region)
		VALUES (#{name}, #{maxMember}, #{fee}, #{deadline}, #{clubImg}, #{logo}, #{account}, #{bank}, #{region})
	</insert>
	
	<select id="selectNewClub" resultType="Club">
		SELECT *
		FROM club
		ORDER BY club_id DESC
		LIMIT 1
	</select>
	
	<delete id="deleteMember" parameterType="int">
		DELETE FROM member
		WHERE member_id = #{memberId}
	</delete>
	
	<update id="updateMember" parameterType="Member">
		UPDATE member
		SET position = #{position}
		WHERE member_id = #{memberId}
	</update>
	
	<update id="updateClub" parameterType="Club">
		UPDATE club
		SET name = #{name}, max_member = #{maxMember}, fee = #{fee}, deadline = #{deadline}, club_img = #{clubImg}, logo = #{logo}, account = #{account}, bank = #{bank}, region = #{region},
		WHERE club_id = #{clubId}
	</update>
	
	<delete id="deleteClub" parameterType="int">
		DELETE FROM club
		WHERE club_id = #{clubId}
	</delete>
	
	<select id="selectPayments" parameterType="Map" resultType="int">
		SELECT SUM(price)
		FROM payment
		WHERE status = true AND club_id = #{clubId}
		<if test="case == 1">
		AND pay_date <![CDATA[<]]> #{payDate}		
		</if>
		<if test="case == 2">
		AND pay_date <![CDATA[>=]]> #{leftPayDate} AND pay_date <![CDATA[<]]> #{rightPayDate}
		</if>
	</select>
	
	<select id="selectCosts" parameterType="Map" resultType="int">
		SELECT SUM(cost)
		FROM schedule
		WHERE club_id = #{clubId}
		<if test="case == 1">		
		AND date <![CDATA[<]]> #{payDate}
		</if>
		<if test="case == 2">
		AND date <![CDATA[>=]]> #{leftPayDate} AND date <![CDATA[<]]> #{rightPayDate}
		</if>
	</select>
	
	<select id="selectDateCosts" parameterType="Map" resultType="Map">
		SELECT date, cost
		FROM schedule
		WHERE club_id = #{clubId}
		AND date <![CDATA[>=]]> #{leftPayDate} AND date <![CDATA[<]]> #{rightPayDate}
	</select>
	
	<select id="selectDateReceipts" parameterType="Map" resultType="Map">
		SELECT s.date AS date, r.item AS item, r.price AS price
		FROM receipt r
		INNER JOIN schedule s
		ON r.schedule_id = s.schedule_id
		WHERE s.club_id = #{clubId}
		AND s.date <![CDATA[>=]]> #{leftPayDate} AND s.date <![CDATA[<]]> #{rightPayDate}
	</select>
	
	<select id="selectDatePayments" parameterType="Map" resultType="Payment">
		SELECT *
		FROM payment
		WHERE club_id = #{clubId}
		AND pay_date <![CDATA[>=]]> #{leftPayDate} AND pay_date <![CDATA[<]]> #{rightPayDate}
	</select>
	
	<insert id="insertPayment" parameterType="Payment">
		INSERT INTO payment (payment_id, pay_date, price, comment, club_id, user_id)
		VALUES (#{paymentId}, #{payDate}, #{price}, #{comment}, #{clubId}, #{userId})
	</insert>
</mapper>
