<?xml version="1.0" encoding="UTF-8" ?>
<!DOCTYPE mapper
  PUBLIC "-//mybatis.org//DTD Mapper 3.0//EN"
  "https://mybatis.org/dtd/mybatis-3-mapper.dtd">
<mapper namespace="com.fca.model.dao.ClubDao">
	<select id="selectClubAll" resultType="Club">
		SELECT *
		FROM club
	</select>
	
	<select id="selectClub" parameterType="int" resultType="Club">
		SELECT *
		FROM club
		WHERE club_id = #{clubId}
	</select>
	
	<select id="selectMembers" parameterType="int" resultType="Map">
		SELECT m.member_id AS memberId,
			   m.position AS position,
			   m.current_date AS `currentDate`,
			   u.user_id AS userId,
			   u.name AS name,
			   u.gender AS gender,
			   u.birth AS birth,
			   u.intro AS intro,
			   u.profile AS profile
		FROM member m
		INNER JOIN user u
		ON m.user_id = u.user_id
		WHERE m.club_id = #{clubId}
	</select>
	
	<insert id="insertMember" parameterType="Map">
		INSERT INTO member (club_id, user_id, position)
		VALUES (#{clubId}, #{userId}, #{position})
	</insert>
	
	<insert id="insertClub" parameterType="Club">
		INSERT INTO club (name, max_member, fee, deadline, club_img, logo, account, bank, region)
		VALUES (#{name}, #{maxMember}, #{fee}, #{deadline}, #{clubImg}, #{logo}, #{account}, #{bank}, #{region})
	</insert>
	
	<select id="selectNewClub" resultType="Club">
		SELECT *
		FROM club
		ORDER BY club_id DESC
		LIMIT 1
	</select>
	
	<delete id="deleteMember" parameterType="int">
		DELETE FROM member
		WHERE member_id = #{memberId}
	</delete>
	
	<update id="updateMember" parameterType="Member">
		UPDATE member
		SET position = #{position}
		WHERE member_id = #{memberId}
	</update>
	
	<update id="updateClub" parameterType="Club">
		UPDATE club
		SET name = #{name}, max_member = #{maxMember}, fee = #{fee}, deadline = #{deadline}, club_img = #{clubImg}, logo = #{logo}, account = #{account}, bank = #{bank}, region = #{region},
		WHERE club_id = #{clubId}
	</update>
	
	<delete id="deleteClub" parameterType="int">
		DELETE FROM club
		WHERE club_id = #{clubId}
	</delete>
	
	<select id="selectPayments" parameterType="Map" resultType="int">
		SELECT IFNULL(SUM(price), 0)
		FROM payment
		WHERE club_id = #{clubId}
		<if test="case == 1">
		AND pay_date <![CDATA[<]]> #{payDate}		
		</if>
		<if test="case == 2">
		AND pay_date <![CDATA[>=]]> #{leftPayDate} AND pay_date <![CDATA[<]]> #{rightPayDate}
		</if>
	</select>
	
	<select id="selectCosts" parameterType="Map" resultType="int">
		SELECT IFNULL(SUM(cost), 0)
		FROM schedule
		WHERE club_id = #{clubId}
		<if test="case == 1">		
		AND date <![CDATA[<]]> #{payDate}
		</if>
		<if test="case == 2">
		AND date <![CDATA[>=]]> #{leftPayDate} AND date <![CDATA[<]]> #{rightPayDate}
		</if>
	</select>
	
	<select id="selectDateCosts" parameterType="Map" resultType="Map">
		SELECT date, cost
		FROM schedule
		WHERE club_id = #{clubId}
		AND date <![CDATA[>=]]> #{leftPayDate} AND date <![CDATA[<]]> #{rightPayDate}
	</select>
	
	<select id="selectDateReceipts" parameterType="Map" resultType="Map">
		SELECT s.date AS date, r.item AS item, r.price AS price
		FROM receipt r
		INNER JOIN schedule s
		ON r.schedule_id = s.schedule_id
		WHERE s.club_id = #{clubId}
		AND s.date <![CDATA[>=]]> #{leftPayDate} AND s.date <![CDATA[<]]> #{rightPayDate}
	</select>
	
	<select id="selectDatePayments" parameterType="Map" resultType="Payment">
		SELECT *
		FROM payment
		WHERE club_id = #{clubId}
		AND pay_date <![CDATA[>=]]> #{leftPayDate} AND pay_date <![CDATA[<]]> #{rightPayDate}
	</select>
	
	<insert id="insertPayment" parameterType="Payment">
		INSERT INTO payment (payment_id, pay_date, price, comment, club_id, user_id)
		VALUES (#{paymentId}, #{payDate}, #{price}, #{comment}, #{clubId}, #{userId})
	</insert>
	
	<select id="selectMyClub" parameterType="int" resultType="Club">
		SELECT c.club_id AS clubId,
			   c.name AS name,
			   c.max_member AS maxMember,
			   c.content AS content,
			   c.fee AS fee,
			   c.deadline AS deadline,
			   c.club_img AS clubImg,
			   c.logo AS logo,
			   c.account AS account,
			   c.bank AS bank,
			   c.region AS region,
			   c.money AS money
		FROM club c
		INNER JOIN member m
		ON c.club_id = m.club_id
		WHERE m.user_id = #{userId}
	</select>
	
	<!-- 
	CREATE TABLE `club` (
	`club_id` INT NOT NULL AUTO_INCREMENT,
	`name` VARCHAR(200) NOT NULL,
	`max_member` INT NOT NULL COMMENT 'maximum 100',
	`content` TEXT NOT NULL COMMENT 'placehold',
	`fee` INT NOT NULL COMMENT '1000~',
	`deadline` INT NOT NULL COMMENT '1~28',
	`club_img` VARCHAR(200) NULL DEFAULT 'default_club_img',
	`logo` VARCHAR(200) NULL DEFAULT 'default_logo',
	`account` INT NOT NULL,
	`bank` VARCHAR(200) NOT NULL,
	`region` VARCHAR(200) NOT NULL,
    `money` int NULL DEFAULT 0,
	PRIMARY KEY (`club_id`)
);
	 -->
</mapper>
