<?xml version="1.0" encoding="UTF-8" ?>
<!DOCTYPE mapper
  PUBLIC "-//mybatis.org//DTD Mapper 3.0//EN"
  "https://mybatis.org/dtd/mybatis-3-mapper.dtd">
<mapper namespace="com.fca.model.dao.BoardDao">
    <!-- 전체 게시글 조회 및 검색기능 -->
    <select id="selectBoardList"  resultType="Board" parameterType="Map">
        SELECT *
        FROM board
        WHERE club_id = #{clubId}
        <!-- 동적쿼리(검색 조건) -->
        <if test="key != 'none'">
            AND ${key} LIKE concat('%', #{word}, '%')
        </if>
        <!-- 동적쿼리(정렬 조건) -->
        <if test="orderBy != 'none'">
            ORDER BY ${orderBy} ${orderByDir}
        </if>    
    </select>

    <!-- 상세 게시글 조회 -->
    <select id="selectBoardDetail"  resultType="Board" parameterType="int">
        SELECT * 
        FROM board
        WHERE board_id = #{boardId};
    </select>
    
    <!-- 게시글 등록 -->
    <insert id="insertBoard" parameterType="Board">
        INSERT INTO board (title, content, category, user_id, club_id, view_cnt, file, date)
        VALUES (#{title}, #{content}, #{category}, #{userId}, #{clubId}, #{viewCnt}, #{file}, NOW());
    </insert>
    

    <!-- 게시글 삭제  -->
    <delete id="deleteBoard" parameterType="int">
        DELETE FROM board
        WHERE id = #{id};
    </delete>
    
    <!-- 조회수 증가 -->
    <update id="updateViewCnt" parameterType="int">
        UPDATE board
        SET view_cnt = view_cnt+1
        WHERE board_id = #{boardId};
    </update>
    
    <!-- 게시글 수정 -->
    <update id="updateBoard" parameterType="Board">
        UPDATE board
        SET title = #{title}, content = #{content}
        WHERE id = #{id};
    </update>
    
    <select id="selectNewBoard" resultType="Board">
        SELECT *
        FROM board
        ORDER BY board_id DESC
        LIMIT 1
    </select>
</mapper>