<?xml version="1.0" encoding="UTF-8" ?>
<!DOCTYPE mapper
  PUBLIC "-//mybatis.org//DTD Mapper 3.0//EN"
  "https://mybatis.org/dtd/mybatis-3-mapper.dtd">
<mapper namespace="com.fca.model.dao.ScheduleDao">
	<select id="selectScheduleList" parameterType="int" resultType="Schedule">
		SELECT *
		FROM schedule
		WHERE club_id = #{clubId}
	</select>
	
	<select id="selectMyScheduleIdList" parameterType="Map" resultType="Integer">
		SELECT s.schedule_id AS scheduleId
		FROM schedule s
		INNER JOIN participant p
		ON s.schedule_id = p.schedule_id
		WHERE s.club_id = #{clubId} AND p.user_id = #{userId}
	</select>
	
	<insert id="insertPlace" parameterType="Place">
		INSERT INTO place (name, address, url)
		VALUES (#{name}, #{address}, #{url})
	</insert>
	
	<select id="selectNewPlace" resultType="Place">
		SELECT *
		FROM place
		ORDER BY place_id DESC
		LIMIT 1
	</select>
	
	<!-- front 확인해봐야 채울 수 있을듯 -->
	<insert id="insertSchedule" parameterType="Schedule">
		INSERT INTO schedule (title, date, time, `match`, equipment, place_id, club_id)
		VALUES (#{title}, #{date}, #{time}, #{match}, #{equipment}, #{placeId}, #{clubId})
	</insert>
	
	<select id="selectPlace" parameterType="int" resultType="Place">
		SELECT p.place_id AS place_id, p.name AS name, p.address AS address, p.url AS url
		FROM place p
		INNER JOIN schedule s
		ON p.place_id = s.place_id
		WHERE s.schedule_id = #{scheduleId}
	</select>
	
	<select id="selectReceipt" parameterType="int" resultType="Receipt">
		SELECT *
		FROM receipt
		WHERE schedule_id = #{scheduleId}
	</select>
	
	<select id="selectParticipant" parameterType="int" resultType="Participant">
		SELECT *
		FROM participant
		WHERE schedule_id = #{scheduleId}
	</select>
	
	<update id="updatePlace" parameterType="Place">
		UPDATE place
		SET name = #{name}, address = #{address}, url = #{url}
		WHERE place_id = #{placeId}
	</update>
	
	<update id="updateSchedule" parameterType="Schedule">
		UPDATE schedule
		SET title = #{title}, date = #{date}, time = #{time}, `match` = #{match}, equipment = #{equipment}
		WHERE schedule_id = #{scheduleId}
	</update>
	
	<delete id="deleteSchedule" parameterType="int">
		DELETE FROM schedule
		WHERE schedule_id = #{scheduleId}
	</delete>
	
	<insert id="insertParticipant" parameterType="Map">
		INSERT INTO participant (schedule_id, user_id)
		VALUES (#{scheduleId}, #{userId})
	</insert>
	
	<select id="selectCurrentDate" parameterType="int" resultType="Date">
		SELECT date
		FROM schedule
		WHERE schedule_id = #{scheduleId}
	</select>
	
	<update id="updateMemberCurrentDate" parameterType="Map">
		UPDATE member
		SET `current_date` = #{currentDate}
		WHERE club_id = #{clubId} AND user_id = #{userId}
	</update>
	
	<delete id="deleteParticipant" parameterType="int">
		DELETE FROM participant
		WHERE participant_id = #{participantId}
	</delete>
	
	<insert id="insertReceipt" parameterType="Receipt">
		INSERT INTO receipt (item, price, schedule_id)
		VALUES (#{item}, #{price}, #{scheduleId})
	</insert>
	
	<delete id="deleteReceipt" parameterType="int">
		DELETE FROM receipt
		WHERE receipt_id = #{receiptId}
	</delete>
	
    <update id="plusMoney" parameterType="Receipt">
        UPDATE schedule
        SET cost = cost + #{price}
        WHERE schedule_id = #{scheduleId}
    </update>
    
    <select id="selectDeleteReceipt" parameterType="int" resultType="Receipt">
        SELECT *
        FROM receipt
        WHERE receipt_id = #{receiptId}
    </select>
    
    <update id="minusMoney" parameterType="Receipt">
        UPDATE schedule
        SET cost = cost - #{price}
        WHERE schedule_id = #{scheduleId}
    </update>
</mapper>